"","state","insurance","age_group","pop","ageband"
"1","alabama","medicaid",1,497052,"0-17"
"2","alabama","medicaid",2,102488,"18-29"
"3","alabama","medicaid",3,59917,"30-39"
"4","alabama","medicaid",4,43934,"40-49"
"5","alabama","medicaid",5,71434,"50-64"
"6","alabama","medicaid",6,,"65-74"
"7","alabama","medicaid",7,,"75+"
"8","alabama","medicare",1,6421,"0-17"
"9","alabama","medicare",2,10129,"18-29"
"10","alabama","medicare",3,17593,"30-39"
"11","alabama","medicare",4,33071,"40-49"
"12","alabama","medicare",5,136818,"50-64"
"13","alabama","medicare",6,464645,"65-74"
"14","alabama","medicare",7,321753,"75+"
"15","alabama","private",1,556732,"0-17"
"16","alabama","private",2,528161,"18-29"
"17","alabama","private",3,409060,"30-39"
"18","alabama","private",4,438150,"40-49"
"19","alabama","private",5,654623,"50-64"
"20","alabama","private",6,12562,"65-74"
"21","alabama","private",7,2537,"75+"
"22","alabama","uninsured",1,31708,"0-17"
"23","alabama","uninsured",2,149825,"18-29"
"24","alabama","uninsured",3,117889,"30-39"
"25","alabama","uninsured",4,90477,"40-49"
"26","alabama","uninsured",5,99825,"50-64"
"27","alabama","uninsured",6,2825,"65-74"
"28","alabama","uninsured",7,910,"75+"
"29","alaska","medicaid",1,66772,"0-17"
"30","alaska","medicaid",2,24094,"18-29"
"31","alaska","medicaid",3,20599,"30-39"
"32","alaska","medicaid",4,8476,"40-49"
"33","alaska","medicaid",5,15743,"50-64"
"34","alaska","medicaid",6,,"65-74"
"35","alaska","medicaid",7,,"75+"
"36","alaska","medicare",1,454,"0-17"
"37","alaska","medicare",2,807,"18-29"
"38","alaska","medicare",3,1178,"30-39"
"39","alaska","medicare",4,1880,"40-49"
"40","alaska","medicare",5,7690,"50-64"
"41","alaska","medicare",6,52008,"65-74"
"42","alaska","medicare",7,25123,"75+"
"43","alaska","private",1,101013,"0-17"
"44","alaska","private",2,81051,"18-29"
"45","alaska","private",3,69327,"30-39"
"46","alaska","private",4,59520,"40-49"
"47","alaska","private",5,97438,"50-64"
"48","alaska","private",6,3235,"65-74"
"49","alaska","private",7,93,"75+"
"50","alaska","uninsured",1,17627,"0-17"
"51","alaska","uninsured",2,27837,"18-29"
"52","alaska","uninsured",3,19699,"30-39"
"53","alaska","uninsured",4,14569,"40-49"
"54","alaska","uninsured",5,18877,"50-64"
"55","alaska","uninsured",6,546,"65-74"
"56","alaska","uninsured",7,300,"75+"
"57","arizona","medicaid",1,652488,"0-17"
"58","arizona","medicaid",2,246148,"18-29"
"59","arizona","medicaid",3,175069,"30-39"
"60","arizona","medicaid",4,130047,"40-49"
"61","arizona","medicaid",5,174092,"50-64"
"62","arizona","medicaid",6,,"65-74"
"63","arizona","medicaid",7,,"75+"
"64","arizona","medicare",1,7046,"0-17"
"65","arizona","medicare",2,9301,"18-29"
"66","arizona","medicare",3,12492,"30-39"
"67","arizona","medicare",4,23166,"40-49"
"68","arizona","medicare",5,98839,"50-64"
"69","arizona","medicare",6,668674,"65-74"
"70","arizona","medicare",7,496106,"75+"
"71","arizona","private",1,846896,"0-17"
"72","arizona","private",2,712586,"18-29"
"73","arizona","private",3,556944,"30-39"
"74","arizona","private",4,560609,"40-49"
"75","arizona","private",5,850058,"50-64"
"76","arizona","private",6,26255,"65-74"
"77","arizona","private",7,6616,"75+"
"78","arizona","uninsured",1,125671,"0-17"
"79","arizona","uninsured",2,205023,"18-29"
"80","arizona","uninsured",3,155294,"30-39"
"81","arizona","uninsured",4,132532,"40-49"
"82","arizona","uninsured",5,133753,"50-64"
"83","arizona","uninsured",6,7123,"65-74"
"84","arizona","uninsured",7,2725,"75+"
"85","arkansas","medicaid",1,370845,"0-17"
"86","arkansas","medicaid",2,102225,"18-29"
"87","arkansas","medicaid",3,70713,"30-39"
"88","arkansas","medicaid",4,53016,"40-49"
"89","arkansas","medicaid",5,73534,"50-64"
"90","arkansas","medicaid",6,,"65-74"
"91","arkansas","medicaid",7,,"75+"
"92","arkansas","medicare",1,7078,"0-17"
"93","arkansas","medicare",2,7620,"18-29"
"94","arkansas","medicare",3,12763,"30-39"
"95","arkansas","medicare",4,20378,"40-49"
"96","arkansas","medicare",5,81088,"50-64"
"97","arkansas","medicare",6,281874,"65-74"
"98","arkansas","medicare",7,204066,"75+"
"99","arkansas","private",1,299978,"0-17"
"100","arkansas","private",2,299382,"18-29"
"101","arkansas","private",3,233479,"30-39"
"102","arkansas","private",4,238021,"40-49"
"103","arkansas","private",5,365105,"50-64"
"104","arkansas","private",6,6839,"65-74"
"105","arkansas","private",7,937,"75+"
"106","arkansas","uninsured",1,28218,"0-17"
"107","arkansas","uninsured",2,77983,"18-29"
"108","arkansas","uninsured",3,58288,"30-39"
"109","arkansas","uninsured",4,49063,"40-49"
"110","arkansas","uninsured",5,45200,"50-64"
"111","arkansas","uninsured",6,1566,"65-74"
"112","arkansas","uninsured",7,599,"75+"
"113","california","medicaid",1,3938562,"0-17"
"114","california","medicaid",2,1765742,"18-29"
"115","california","medicaid",3,1128525,"30-39"
"116","california","medicaid",4,941662,"40-49"
"117","california","medicaid",5,1254797,"50-64"
"118","california","medicaid",6,,"65-74"
"119","california","medicaid",7,,"75+"
"120","california","medicare",1,80422,"0-17"
"121","california","medicare",2,71658,"18-29"
"122","california","medicare",3,71861,"30-39"
"123","california","medicare",4,96456,"40-49"
"124","california","medicare",5,452195,"50-64"
"125","california","medicare",6,2948387,"65-74"
"126","california","medicare",7,2252691,"75+"
"127","california","private",1,4749982,"0-17"
"128","california","private",2,4268752,"18-29"
"129","california","private",3,3684902,"30-39"
"130","california","private",4,3504548,"40-49"
"131","california","private",5,4980491,"50-64"
"132","california","private",6,206749,"65-74"
"133","california","private",7,36450,"75+"
"134","california","uninsured",1,269242,"0-17"
"135","california","uninsured",2,780734,"18-29"
"136","california","uninsured",3,692481,"30-39"
"137","california","uninsured",4,567082,"40-49"
"138","california","uninsured",5,559910,"50-64"
"139","california","uninsured",6,45611,"65-74"
"140","california","uninsured",7,16884,"75+"
"141","colorado","medicaid",1,442630,"0-17"
"142","colorado","medicaid",2,174895,"18-29"
"143","colorado","medicaid",3,125017,"30-39"
"144","colorado","medicaid",4,88241,"40-49"
"145","colorado","medicaid",5,109305,"50-64"
"146","colorado","medicaid",6,,"65-74"
"147","colorado","medicaid",7,,"75+"
"148","colorado","medicare",1,7472,"0-17"
"149","colorado","medicare",2,7353,"18-29"
"150","colorado","medicare",3,10010,"30-39"
"151","colorado","medicare",4,14463,"40-49"
"152","colorado","medicare",5,66490,"50-64"
"153","colorado","medicare",6,453723,"65-74"
"154","colorado","medicare",7,289206,"75+"
"155","colorado","private",1,756785,"0-17"
"156","colorado","private",2,663410,"18-29"
"157","colorado","private",3,583914,"30-39"
"158","colorado","private",4,547277,"40-49"
"159","colorado","private",5,786597,"50-64"
"160","colorado","private",6,23526,"65-74"
"161","colorado","private",7,3267,"75+"
"162","colorado","uninsured",1,54045,"0-17"
"163","colorado","uninsured",2,117137,"18-29"
"164","colorado","uninsured",3,105975,"30-39"
"165","colorado","uninsured",4,79032,"40-49"
"166","colorado","uninsured",5,81064,"50-64"
"167","colorado","uninsured",6,4594,"65-74"
"168","colorado","uninsured",7,1519,"75+"
"169","connecticut","medicaid",1,257288,"0-17"
"170","connecticut","medicaid",2,120258,"18-29"
"171","connecticut","medicaid",3,79478,"30-39"
"172","connecticut","medicaid",4,68927,"40-49"
"173","connecticut","medicaid",5,87509,"50-64"
"174","connecticut","medicaid",6,,"65-74"
"175","connecticut","medicaid",7,,"75+"
"176","connecticut","medicare",1,2240,"0-17"
"177","connecticut","medicare",2,5656,"18-29"
"178","connecticut","medicare",3,7306,"30-39"
"179","connecticut","medicare",4,9382,"40-49"
"180","connecticut","medicare",5,51044,"50-64"
"181","connecticut","medicare",6,310586,"65-74"
"182","connecticut","medicare",7,257860,"75+"
"183","connecticut","private",1,462140,"0-17"
"184","connecticut","private",2,397921,"18-29"
"185","connecticut","private",3,300462,"30-39"
"186","connecticut","private",4,343767,"40-49"
"187","connecticut","private",5,599257,"50-64"
"188","connecticut","private",6,20898,"65-74"
"189","connecticut","private",7,2576,"75+"
"190","connecticut","uninsured",1,20231,"0-17"
"191","connecticut","uninsured",2,46061,"18-29"
"192","connecticut","uninsured",3,42366,"30-39"
"193","connecticut","uninsured",4,38219,"40-49"
"194","connecticut","uninsured",5,38146,"50-64"
"195","connecticut","uninsured",6,2857,"65-74"
"196","connecticut","uninsured",7,1050,"75+"
"197","delaware","medicaid",1,75615,"0-17"
"198","delaware","medicaid",2,28009,"18-29"
"199","delaware","medicaid",3,21195,"30-39"
"200","delaware","medicaid",4,12853,"40-49"
"201","delaware","medicaid",5,22832,"50-64"
"202","delaware","medicaid",6,,"65-74"
"203","delaware","medicaid",7,,"75+"
"204","delaware","medicare",1,1136,"0-17"
"205","delaware","medicare",2,982,"18-29"
"206","delaware","medicare",3,3085,"30-39"
"207","delaware","medicare",4,3334,"40-49"
"208","delaware","medicare",5,16488,"50-64"
"209","delaware","medicare",6,99878,"65-74"
"210","delaware","medicare",7,68447,"75+"
"211","delaware","private",1,119766,"0-17"
"212","delaware","private",2,106205,"18-29"
"213","delaware","private",3,80016,"30-39"
"214","delaware","private",4,88705,"40-49"
"215","delaware","private",5,148057,"50-64"
"216","delaware","private",6,4008,"65-74"
"217","delaware","private",7,353,"75+"
"218","delaware","uninsured",1,7410,"0-17"
"219","delaware","uninsured",2,15811,"18-29"
"220","delaware","uninsured",3,13022,"30-39"
"221","delaware","uninsured",4,9006,"40-49"
"222","delaware","uninsured",5,10926,"50-64"
"223","delaware","uninsured",6,931,"65-74"
"224","delaware","uninsured",7,650,"75+"
"225","district of columbia","medicaid",1,60043,"0-17"
"226","district of columbia","medicaid",2,31863,"18-29"
"227","district of columbia","medicaid",3,21720,"30-39"
"228","district of columbia","medicaid",4,15793,"40-49"
"229","district of columbia","medicaid",5,26633,"50-64"
"230","district of columbia","medicaid",6,,"65-74"
"231","district of columbia","medicaid",7,,"75+"
"232","district of columbia","medicare",1,1956,"0-17"
"233","district of columbia","medicare",2,1606,"18-29"
"234","district of columbia","medicare",3,2027,"30-39"
"235","district of columbia","medicare",4,2475,"40-49"
"236","district of columbia","medicare",5,8865,"50-64"
"237","district of columbia","medicare",6,42383,"65-74"
"238","district of columbia","medicare",7,33669,"75+"
"239","district of columbia","private",1,59390,"0-17"
"240","district of columbia","private",2,116642,"18-29"
"241","district of columbia","private",3,106750,"30-39"
"242","district of columbia","private",4,59835,"40-49"
"243","district of columbia","private",5,67898,"50-64"
"244","district of columbia","private",6,4824,"65-74"
"245","district of columbia","private",7,1270,"75+"
"246","district of columbia","uninsured",1,2693,"0-17"
"247","district of columbia","uninsured",2,8132,"18-29"
"248","district of columbia","uninsured",3,6227,"30-39"
"249","district of columbia","uninsured",4,4706,"40-49"
"250","district of columbia","uninsured",5,3522,"50-64"
"251","district of columbia","uninsured",6,355,"65-74"
"252","district of columbia","uninsured",7,95,"75+"
"253","florida","medicaid",1,1807015,"0-17"
"254","florida","medicaid",2,394924,"18-29"
"255","florida","medicaid",3,287845,"30-39"
"256","florida","medicaid",4,220121,"40-49"
"257","florida","medicaid",5,304540,"50-64"
"258","florida","medicaid",6,,"65-74"
"259","florida","medicaid",7,,"75+"
"260","florida","medicare",1,28479,"0-17"
"261","florida","medicare",2,29055,"18-29"
"262","florida","medicare",3,46305,"30-39"
"263","florida","medicare",4,74272,"40-49"
"264","florida","medicare",5,359528,"50-64"
"265","florida","medicare",6,2202831,"65-74"
"266","florida","medicare",7,1836689,"75+"
"267","florida","private",1,2063819,"0-17"
"268","florida","private",2,2000272,"18-29"
"269","florida","private",3,1649108,"30-39"
"270","florida","private",4,1778823,"40-49"
"271","florida","private",5,2882689,"50-64"
"272","florida","private",6,99594,"65-74"
"273","florida","private",7,27362,"75+"
"274","florida","uninsured",1,286995,"0-17"
"275","florida","uninsured",2,723290,"18-29"
"276","florida","uninsured",3,602598,"30-39"
"277","florida","uninsured",4,505115,"40-49"
"278","florida","uninsured",5,619160,"50-64"
"279","florida","uninsured",6,39074,"65-74"
"280","florida","uninsured",7,14588,"75+"
"281","georgia","medicaid",1,994543,"0-17"
"282","georgia","medicaid",2,175495,"18-29"
"283","georgia","medicaid",3,110987,"30-39"
"284","georgia","medicaid",4,75652,"40-49"
"285","georgia","medicaid",5,123379,"50-64"
"286","georgia","medicaid",6,,"65-74"
"287","georgia","medicaid",7,,"75+"
"288","georgia","medicare",1,21713,"0-17"
"289","georgia","medicare",2,16355,"18-29"
"290","georgia","medicare",3,24889,"30-39"
"291","georgia","medicare",4,42450,"40-49"
"292","georgia","medicare",5,175804,"50-64"
"293","georgia","medicare",6,825803,"65-74"
"294","georgia","medicare",7,522531,"75+"
"295","georgia","private",1,1316763,"0-17"
"296","georgia","private",2,1151269,"18-29"
"297","georgia","private",3,922678,"30-39"
"298","georgia","private",4,1010797,"40-49"
"299","georgia","private",5,1377154,"50-64"
"300","georgia","private",6,37765,"65-74"
"301","georgia","private",7,6821,"75+"
"302","georgia","uninsured",1,174788,"0-17"
"303","georgia","uninsured",2,408022,"18-29"
"304","georgia","uninsured",3,335407,"30-39"
"305","georgia","uninsured",4,254660,"40-49"
"306","georgia","uninsured",5,263043,"50-64"
"307","georgia","uninsured",6,9755,"65-74"
"308","georgia","uninsured",7,2749,"75+"
"309","hawaii","medicaid",1,98057,"0-17"
"310","hawaii","medicaid",2,33671,"18-29"
"311","hawaii","medicaid",3,26202,"30-39"
"312","hawaii","medicaid",4,19839,"40-49"
"313","hawaii","medicaid",5,29084,"50-64"
"314","hawaii","medicaid",6,,"65-74"
"315","hawaii","medicaid",7,,"75+"
"316","hawaii","medicare",1,654,"0-17"
"317","hawaii","medicare",2,1365,"18-29"
"318","hawaii","medicare",3,1612,"30-39"
"319","hawaii","medicare",4,3273,"40-49"
"320","hawaii","medicare",5,12848,"50-64"
"321","hawaii","medicare",6,132341,"65-74"
"322","hawaii","medicare",7,106605,"75+"
"323","hawaii","private",1,198625,"0-17"
"324","hawaii","private",2,177937,"18-29"
"325","hawaii","private",3,154048,"30-39"
"326","hawaii","private",4,143118,"40-49"
"327","hawaii","private",5,215549,"50-64"
"328","hawaii","private",6,10787,"65-74"
"329","hawaii","private",7,1860,"75+"
"330","hawaii","uninsured",1,7269,"0-17"
"331","hawaii","uninsured",2,14665,"18-29"
"332","hawaii","uninsured",3,11153,"30-39"
"333","hawaii","uninsured",4,8230,"40-49"
"334","hawaii","uninsured",5,12182,"50-64"
"335","hawaii","uninsured",6,911,"65-74"
"336","hawaii","uninsured",7,416,"75+"
"337","idaho","medicaid",1,163454,"0-17"
"338","idaho","medicaid",2,30620,"18-29"
"339","idaho","medicaid",3,17585,"30-39"
"340","idaho","medicaid",4,11870,"40-49"
"341","idaho","medicaid",5,14207,"50-64"
"342","idaho","medicaid",6,,"65-74"
"343","idaho","medicaid",7,,"75+"
"344","idaho","medicare",1,2103,"0-17"
"345","idaho","medicare",2,3965,"18-29"
"346","idaho","medicare",3,5760,"30-39"
"347","idaho","medicare",4,7080,"40-49"
"348","idaho","medicare",5,26316,"50-64"
"349","idaho","medicare",6,156255,"65-74"
"350","idaho","medicare",7,103810,"75+"
"351","idaho","private",1,250866,"0-17"
"352","idaho","private",2,190951,"18-29"
"353","idaho","private",3,155824,"30-39"
"354","idaho","private",4,150809,"40-49"
"355","idaho","private",5,226870,"50-64"
"356","idaho","private",6,5132,"65-74"
"357","idaho","private",7,604,"75+"
"358","idaho","uninsured",1,24635,"0-17"
"359","idaho","uninsured",2,48469,"18-29"
"360","idaho","uninsured",3,42256,"30-39"
"361","idaho","uninsured",4,31713,"40-49"
"362","idaho","uninsured",5,40304,"50-64"
"363","idaho","uninsured",6,562,"65-74"
"364","idaho","uninsured",7,507,"75+"
"365","illinois","medicaid",1,1095745,"0-17"
"366","illinois","medicaid",2,381709,"18-29"
"367","illinois","medicaid",3,272492,"30-39"
"368","illinois","medicaid",4,202119,"40-49"
"369","illinois","medicaid",5,274892,"50-64"
"370","illinois","medicaid",6,,"65-74"
"371","illinois","medicaid",7,,"75+"
"372","illinois","medicare",1,11262,"0-17"
"373","illinois","medicare",2,16710,"18-29"
"374","illinois","medicare",3,21302,"30-39"
"375","illinois","medicare",4,40864,"40-49"
"376","illinois","medicare",5,177592,"50-64"
"377","illinois","medicare",6,1037582,"65-74"
"378","illinois","medicare",7,809392,"75+"
"379","illinois","private",1,1699140,"0-17"
"380","illinois","private",2,1452746,"18-29"
"381","illinois","private",3,1217102,"30-39"
"382","illinois","private",4,1218874,"40-49"
"383","illinois","private",5,1873913,"50-64"
"384","illinois","private",6,59833,"65-74"
"385","illinois","private",7,10761,"75+"
"386","illinois","uninsured",1,81149,"0-17"
"387","illinois","uninsured",2,238500,"18-29"
"388","illinois","uninsured",3,206444,"30-39"
"389","illinois","uninsured",4,166918,"40-49"
"390","illinois","uninsured",5,172716,"50-64"
"391","illinois","uninsured",6,13841,"65-74"
"392","illinois","uninsured",7,4109,"75+"
"393","indiana","medicaid",1,554204,"0-17"
"394","indiana","medicaid",2,164016,"18-29"
"395","indiana","medicaid",3,114287,"30-39"
"396","indiana","medicaid",4,79442,"40-49"
"397","indiana","medicaid",5,111955,"50-64"
"398","indiana","medicaid",6,,"65-74"
"399","indiana","medicaid",7,,"75+"
"400","indiana","medicare",1,7442,"0-17"
"401","indiana","medicare",2,11350,"18-29"
"402","indiana","medicare",3,16307,"30-39"
"403","indiana","medicare",4,30634,"40-49"
"404","indiana","medicare",5,121897,"50-64"
"405","indiana","medicare",6,570394,"65-74"
"406","indiana","medicare",7,420321,"75+"
"407","indiana","private",1,911140,"0-17"
"408","indiana","private",2,775795,"18-29"
"409","indiana","private",3,589706,"30-39"
"410","indiana","private",4,610559,"40-49"
"411","indiana","private",5,961051,"50-64"
"412","indiana","private",6,21055,"65-74"
"413","indiana","private",7,2836,"75+"
"414","indiana","uninsured",1,97496,"0-17"
"415","indiana","uninsured",2,154349,"18-29"
"416","indiana","uninsured",3,118049,"30-39"
"417","indiana","uninsured",4,92349,"40-49"
"418","indiana","uninsured",5,99543,"50-64"
"419","indiana","uninsured",6,5119,"65-74"
"420","indiana","uninsured",7,1913,"75+"
"421","iowa","medicaid",1,261197,"0-17"
"422","iowa","medicaid",2,88673,"18-29"
"423","iowa","medicaid",3,57762,"30-39"
"424","iowa","medicaid",4,40373,"40-49"
"425","iowa","medicaid",5,57302,"50-64"
"426","iowa","medicaid",6,,"65-74"
"427","iowa","medicaid",7,,"75+"
"428","iowa","medicare",1,2738,"0-17"
"429","iowa","medicare",2,4761,"18-29"
"430","iowa","medicare",3,7545,"30-39"
"431","iowa","medicare",4,9075,"40-49"
"432","iowa","medicare",5,43537,"50-64"
"433","iowa","medicare",6,279598,"65-74"
"434","iowa","medicare",7,234352,"75+"
"435","iowa","private",1,445259,"0-17"
"436","iowa","private",2,383774,"18-29"
"437","iowa","private",3,296541,"30-39"
"438","iowa","private",4,290726,"40-49"
"439","iowa","private",5,482048,"50-64"
"440","iowa","private",6,10060,"65-74"
"441","iowa","private",7,730,"75+"
"442","iowa","uninsured",1,19161,"0-17"
"443","iowa","uninsured",2,40194,"18-29"
"444","iowa","uninsured",3,31842,"30-39"
"445","iowa","uninsured",4,22937,"40-49"
"446","iowa","uninsured",5,26976,"50-64"
"447","iowa","uninsured",6,1212,"65-74"
"448","iowa","uninsured",7,251,"75+"
"449","kansas","medicaid",1,217910,"0-17"
"450","kansas","medicaid",2,43145,"18-29"
"451","kansas","medicaid",3,28046,"30-39"
"452","kansas","medicaid",4,16035,"40-49"
"453","kansas","medicaid",5,25369,"50-64"
"454","kansas","medicaid",6,,"65-74"
"455","kansas","medicaid",7,,"75+"
"456","kansas","medicare",1,4174,"0-17"
"457","kansas","medicare",2,4359,"18-29"
"458","kansas","medicare",3,5976,"30-39"
"459","kansas","medicare",4,10340,"40-49"
"460","kansas","medicare",5,43739,"50-64"
"461","kansas","medicare",6,243389,"65-74"
"462","kansas","medicare",7,191898,"75+"
"463","kansas","private",1,450739,"0-17"
"464","kansas","private",2,368892,"18-29"
"465","kansas","private",3,283717,"30-39"
"466","kansas","private",4,267103,"40-49"
"467","kansas","private",5,431112,"50-64"
"468","kansas","private",6,10000,"65-74"
"469","kansas","private",7,745,"75+"
"470","kansas","uninsured",1,35262,"0-17"
"471","kansas","uninsured",2,72674,"18-29"
"472","kansas","uninsured",3,54596,"30-39"
"473","kansas","uninsured",4,43930,"40-49"
"474","kansas","uninsured",5,45475,"50-64"
"475","kansas","uninsured",6,1487,"65-74"
"476","kansas","uninsured",7,680,"75+"
"477","kentucky","medicaid",1,445691,"0-17"
"478","kentucky","medicaid",2,184908,"18-29"
"479","kentucky","medicaid",3,132972,"30-39"
"480","kentucky","medicaid",4,104841,"40-49"
"481","kentucky","medicaid",5,148327,"50-64"
"482","kentucky","medicaid",6,,"65-74"
"483","kentucky","medicaid",7,,"75+"
"484","kentucky","medicare",1,10202,"0-17"
"485","kentucky","medicare",2,12095,"18-29"
"486","kentucky","medicare",3,15767,"30-39"
"487","kentucky","medicare",4,28388,"40-49"
"488","kentucky","medicare",5,120817,"50-64"
"489","kentucky","medicare",6,408717,"65-74"
"490","kentucky","medicare",7,282527,"75+"
"491","kentucky","private",1,518604,"0-17"
"492","kentucky","private",2,453690,"18-29"
"493","kentucky","private",3,347899,"30-39"
"494","kentucky","private",4,380738,"40-49"
"495","kentucky","private",5,574922,"50-64"
"496","kentucky","private",6,12788,"65-74"
"497","kentucky","private",7,2439,"75+"
"498","kentucky","uninsured",1,35599,"0-17"
"499","kentucky","uninsured",2,72508,"18-29"
"500","kentucky","uninsured",3,57245,"30-39"
"501","kentucky","uninsured",4,42839,"40-49"
"502","kentucky","uninsured",5,44552,"50-64"
"503","kentucky","uninsured",6,1743,"65-74"
"504","kentucky","uninsured",7,623,"75+"
"505","louisiana","medicaid",1,576415,"0-17"
"506","louisiana","medicaid",2,193397,"18-29"
"507","louisiana","medicaid",3,124681,"30-39"
"508","louisiana","medicaid",4,81876,"40-49"
"509","louisiana","medicaid",5,122505,"50-64"
"510","louisiana","medicaid",6,,"65-74"
"511","louisiana","medicaid",7,,"75+"
"512","louisiana","medicare",1,8204,"0-17"
"513","louisiana","medicare",2,9166,"18-29"
"514","louisiana","medicare",3,14959,"30-39"
"515","louisiana","medicare",4,24814,"40-49"
"516","louisiana","medicare",5,104478,"50-64"
"517","louisiana","medicare",6,396049,"65-74"
"518","louisiana","medicare",7,271272,"75+"
"519","louisiana","private",1,488409,"0-17"
"520","louisiana","private",2,451943,"18-29"
"521","louisiana","private",3,383315,"30-39"
"522","louisiana","private",4,365580,"40-49"
"523","louisiana","private",5,572786,"50-64"
"524","louisiana","private",6,21130,"65-74"
"525","louisiana","private",7,3983,"75+"
"526","louisiana","uninsured",1,34293,"0-17"
"527","louisiana","uninsured",2,123765,"18-29"
"528","louisiana","uninsured",3,113059,"30-39"
"529","louisiana","uninsured",4,78223,"40-49"
"530","louisiana","uninsured",5,91763,"50-64"
"531","louisiana","uninsured",6,2565,"65-74"
"532","louisiana","uninsured",7,1529,"75+"
"533","maine","medicaid",1,83048,"0-17"
"534","maine","medicaid",2,28956,"18-29"
"535","maine","medicaid",3,23068,"30-39"
"536","maine","medicaid",4,16385,"40-49"
"537","maine","medicaid",5,24527,"50-64"
"538","maine","medicaid",6,,"65-74"
"539","maine","medicaid",7,,"75+"
"540","maine","medicare",1,2427,"0-17"
"541","maine","medicare",2,3066,"18-29"
"542","maine","medicare",3,4773,"30-39"
"543","maine","medicare",4,7939,"40-49"
"544","maine","medicare",5,30993,"50-64"
"545","maine","medicare",6,151245,"65-74"
"546","maine","medicare",7,107122,"75+"
"547","maine","private",1,155398,"0-17"
"548","maine","private",2,128538,"18-29"
"549","maine","private",3,106565,"30-39"
"550","maine","private",4,119393,"40-49"
"551","maine","private",5,223233,"50-64"
"552","maine","private",6,5886,"65-74"
"553","maine","private",7,1457,"75+"
"554","maine","uninsured",1,11802,"0-17"
"555","maine","uninsured",2,26927,"18-29"
"556","maine","uninsured",3,19469,"30-39"
"557","maine","uninsured",4,19106,"40-49"
"558","maine","uninsured",5,27404,"50-64"
"559","maine","uninsured",6,150,"65-74"
"560","maine","uninsured",7,51,"75+"
"561","maryland","medicaid",1,436840,"0-17"
"562","maryland","medicaid",2,167114,"18-29"
"563","maryland","medicaid",3,116293,"30-39"
"564","maryland","medicaid",4,82228,"40-49"
"565","maryland","medicaid",5,120898,"50-64"
"566","maryland","medicaid",6,,"65-74"
"567","maryland","medicaid",7,,"75+"
"568","maryland","medicare",1,12616,"0-17"
"569","maryland","medicare",2,11963,"18-29"
"570","maryland","medicare",3,11499,"30-39"
"571","maryland","medicare",4,18754,"40-49"
"572","maryland","medicare",5,82227,"50-64"
"573","maryland","medicare",6,488332,"65-74"
"574","maryland","medicare",7,359420,"75+"
"575","maryland","private",1,847255,"0-17"
"576","maryland","private",2,682400,"18-29"
"577","maryland","private",3,593053,"30-39"
"578","maryland","private",4,612581,"40-49"
"579","maryland","private",5,958804,"50-64"
"580","maryland","private",6,39044,"65-74"
"581","maryland","private",7,7134,"75+"
"582","maryland","uninsured",1,45651,"0-17"
"583","maryland","uninsured",2,94905,"18-29"
"584","maryland","uninsured",3,96774,"30-39"
"585","maryland","uninsured",4,63390,"40-49"
"586","maryland","uninsured",5,68643,"50-64"
"587","maryland","uninsured",6,4967,"65-74"
"588","maryland","uninsured",7,2829,"75+"
"589","massachusetts","medicaid",1,484054,"0-17"
"590","massachusetts","medicaid",2,262455,"18-29"
"591","massachusetts","medicaid",3,197648,"30-39"
"592","massachusetts","medicaid",4,162928,"40-49"
"593","massachusetts","medicaid",5,224299,"50-64"
"594","massachusetts","medicaid",6,,"65-74"
"595","massachusetts","medicaid",7,,"75+"
"596","massachusetts","medicare",1,4412,"0-17"
"597","massachusetts","medicare",2,10512,"18-29"
"598","massachusetts","medicare",3,14246,"30-39"
"599","massachusetts","medicare",4,21370,"40-49"
"600","massachusetts","medicare",5,93561,"50-64"
"601","massachusetts","medicare",6,586116,"65-74"
"602","massachusetts","medicare",7,461345,"75+"
"603","massachusetts","private",1,867040,"0-17"
"604","massachusetts","private",2,868964,"18-29"
"605","massachusetts","private",3,643178,"30-39"
"606","massachusetts","private",4,648024,"40-49"
"607","massachusetts","private",5,1058341,"50-64"
"608","massachusetts","private",6,47858,"65-74"
"609","massachusetts","private",7,7035,"75+"
"610","massachusetts","uninsured",1,15499,"0-17"
"611","massachusetts","uninsured",2,55193,"18-29"
"612","massachusetts","uninsured",3,42421,"30-39"
"613","massachusetts","uninsured",4,30704,"40-49"
"614","massachusetts","uninsured",5,37995,"50-64"
"615","massachusetts","uninsured",6,3191,"65-74"
"616","massachusetts","uninsured",7,1120,"75+"
"617","michigan","medicaid",1,847806,"0-17"
"618","michigan","medicaid",2,360562,"18-29"
"619","michigan","medicaid",3,246781,"30-39"
"620","michigan","medicaid",4,186460,"40-49"
"621","michigan","medicaid",5,256595,"50-64"
"622","michigan","medicaid",6,,"65-74"
"623","michigan","medicaid",7,,"75+"
"624","michigan","medicare",1,9656,"0-17"
"625","michigan","medicare",2,18773,"18-29"
"626","michigan","medicare",3,25653,"30-39"
"627","michigan","medicare",4,47580,"40-49"
"628","michigan","medicare",5,205815,"50-64"
"629","michigan","medicare",6,937475,"65-74"
"630","michigan","medicare",7,683202,"75+"
"631","michigan","private",1,1252640,"0-17"
"632","michigan","private",2,1095357,"18-29"
"633","michigan","private",3,804697,"30-39"
"634","michigan","private",4,880592,"40-49"
"635","michigan","private",5,1499252,"50-64"
"636","michigan","private",6,29234,"65-74"
"637","michigan","private",7,5008,"75+"
"638","michigan","uninsured",1,62447,"0-17"
"639","michigan","uninsured",2,160318,"18-29"
"640","michigan","uninsured",3,118079,"30-39"
"641","michigan","uninsured",4,88820,"40-49"
"642","michigan","uninsured",5,113194,"50-64"
"643","michigan","uninsured",6,5040,"65-74"
"644","michigan","uninsured",7,1439,"75+"
"645","minnesota","medicaid",1,398002,"0-17"
"646","minnesota","medicaid",2,155676,"18-29"
"647","minnesota","medicaid",3,119905,"30-39"
"648","minnesota","medicaid",4,80838,"40-49"
"649","minnesota","medicaid",5,120356,"50-64"
"650","minnesota","medicaid",6,,"65-74"
"651","minnesota","medicaid",7,,"75+"
"652","minnesota","medicare",1,4062,"0-17"
"653","minnesota","medicare",2,7560,"18-29"
"654","minnesota","medicare",3,10686,"30-39"
"655","minnesota","medicare",4,15449,"40-49"
"656","minnesota","medicare",5,67664,"50-64"
"657","minnesota","medicare",6,469801,"65-74"
"658","minnesota","medicare",7,362992,"75+"
"659","minnesota","private",1,846755,"0-17"
"660","minnesota","private",2,649404,"18-29"
"661","minnesota","private",3,564845,"30-39"
"662","minnesota","private",4,534423,"40-49"
"663","minnesota","private",5,877490,"50-64"
"664","minnesota","private",6,21004,"65-74"
"665","minnesota","private",7,2442,"75+"
"666","minnesota","uninsured",1,41509,"0-17"
"667","minnesota","uninsured",2,59513,"18-29"
"668","minnesota","uninsured",3,59706,"30-39"
"669","minnesota","uninsured",4,40174,"40-49"
"670","minnesota","uninsured",5,46222,"50-64"
"671","minnesota","uninsured",6,1101,"65-74"
"672","minnesota","uninsured",7,1034,"75+"
"673","mississippi","medicaid",1,365908,"0-17"
"674","mississippi","medicaid",2,70367,"18-29"
"675","mississippi","medicaid",3,43633,"30-39"
"676","mississippi","medicaid",4,31468,"40-49"
"677","mississippi","medicaid",5,50248,"50-64"
"678","mississippi","medicaid",6,,"65-74"
"679","mississippi","medicaid",7,,"75+"
"680","mississippi","medicare",1,3999,"0-17"
"681","mississippi","medicare",2,4231,"18-29"
"682","mississippi","medicare",3,10454,"30-39"
"683","mississippi","medicare",4,21206,"40-49"
"684","mississippi","medicare",5,82064,"50-64"
"685","mississippi","medicare",6,268861,"65-74"
"686","mississippi","medicare",7,182641,"75+"
"687","mississippi","private",1,312007,"0-17"
"688","mississippi","private",2,306227,"18-29"
"689","mississippi","private",3,236332,"30-39"
"690","mississippi","private",4,238142,"40-49"
"691","mississippi","private",5,356673,"50-64"
"692","mississippi","private",6,8158,"65-74"
"693","mississippi","private",7,1037,"75+"
"694","mississippi","uninsured",1,32089,"0-17"
"695","mississippi","uninsured",2,118905,"18-29"
"696","mississippi","uninsured",3,85969,"30-39"
"697","mississippi","uninsured",4,67886,"40-49"
"698","mississippi","uninsured",5,76417,"50-64"
"699","mississippi","uninsured",6,1684,"65-74"
"700","mississippi","uninsured",7,381,"75+"
"701","missouri","medicaid",1,464837,"0-17"
"702","missouri","medicaid",2,94271,"18-29"
"703","missouri","medicaid",3,63171,"30-39"
"704","missouri","medicaid",4,44089,"40-49"
"705","missouri","medicaid",5,68585,"50-64"
"706","missouri","medicaid",6,,"65-74"
"707","missouri","medicaid",7,,"75+"
"708","missouri","medicare",1,11186,"0-17"
"709","missouri","medicare",2,10785,"18-29"
"710","missouri","medicare",3,17928,"30-39"
"711","missouri","medicare",4,34058,"40-49"
"712","missouri","medicare",5,135249,"50-64"
"713","missouri","medicare",6,555493,"65-74"
"714","missouri","medicare",7,422646,"75+"
"715","missouri","private",1,842094,"0-17"
"716","missouri","private",2,714970,"18-29"
"717","missouri","private",3,572886,"30-39"
"718","missouri","private",4,547166,"40-49"
"719","missouri","private",5,889857,"50-64"
"720","missouri","private",6,20606,"65-74"
"721","missouri","private",7,3590,"75+"
"722","missouri","uninsured",1,64024,"0-17"
"723","missouri","uninsured",2,169071,"18-29"
"724","missouri","uninsured",3,125285,"30-39"
"725","missouri","uninsured",4,95489,"40-49"
"726","missouri","uninsured",5,117803,"50-64"
"727","missouri","uninsured",6,3484,"65-74"
"728","missouri","uninsured",7,958,"75+"
"729","montana","medicaid",1,94079,"0-17"
"730","montana","medicaid",2,29246,"18-29"
"731","montana","medicaid",3,20985,"30-39"
"732","montana","medicaid",4,15347,"40-49"
"733","montana","medicaid",5,22994,"50-64"
"734","montana","medicaid",6,,"65-74"
"735","montana","medicaid",7,,"75+"
"736","montana","medicare",1,949,"0-17"
"737","montana","medicare",2,1912,"18-29"
"738","montana","medicare",3,2156,"30-39"
"739","montana","medicare",4,3947,"40-49"
"740","montana","medicare",5,17040,"50-64"
"741","montana","medicare",6,112351,"65-74"
"742","montana","medicare",7,76625,"75+"
"743","montana","private",1,121099,"0-17"
"744","montana","private",2,110142,"18-29"
"745","montana","private",3,86942,"30-39"
"746","montana","private",4,85863,"40-49"
"747","montana","private",5,152045,"50-64"
"748","montana","private",6,2461,"65-74"
"749","montana","private",7,335,"75+"
"750","montana","uninsured",1,11708,"0-17"
"751","montana","uninsured",2,23056,"18-29"
"752","montana","uninsured",3,18470,"30-39"
"753","montana","uninsured",4,13991,"40-49"
"754","montana","uninsured",5,21924,"50-64"
"755","montana","uninsured",6,533,"65-74"
"756","montana","uninsured",7,121,"75+"
"757","nebraska","medicaid",1,137069,"0-17"
"758","nebraska","medicaid",2,28192,"18-29"
"759","nebraska","medicaid",3,16397,"30-39"
"760","nebraska","medicaid",4,11649,"40-49"
"761","nebraska","medicaid",5,14385,"50-64"
"762","nebraska","medicaid",6,,"65-74"
"763","nebraska","medicaid",7,,"75+"
"764","nebraska","medicare",1,1640,"0-17"
"765","nebraska","medicare",2,2500,"18-29"
"766","nebraska","medicare",3,3025,"30-39"
"767","nebraska","medicare",4,4666,"40-49"
"768","nebraska","medicare",5,23278,"50-64"
"769","nebraska","medicare",6,159140,"65-74"
"770","nebraska","medicare",7,126511,"75+"
"771","nebraska","private",1,307513,"0-17"
"772","nebraska","private",2,237425,"18-29"
"773","nebraska","private",3,199863,"30-39"
"774","nebraska","private",4,179280,"40-49"
"775","nebraska","private",5,289255,"50-64"
"776","nebraska","private",6,6336,"65-74"
"777","nebraska","private",7,1043,"75+"
"778","nebraska","uninsured",1,27216,"0-17"
"779","nebraska","uninsured",2,45857,"18-29"
"780","nebraska","uninsured",3,36395,"30-39"
"781","nebraska","uninsured",4,26453,"40-49"
"782","nebraska","uninsured",5,27306,"50-64"
"783","nebraska","uninsured",6,1441,"65-74"
"784","nebraska","uninsured",7,243,"75+"
"785","nevada","medicaid",1,246713,"0-17"
"786","nevada","medicaid",2,80667,"18-29"
"787","nevada","medicaid",3,59085,"30-39"
"788","nevada","medicaid",4,45608,"40-49"
"789","nevada","medicaid",5,66810,"50-64"
"790","nevada","medicaid",6,,"65-74"
"791","nevada","medicaid",7,,"75+"
"792","nevada","medicare",1,3182,"0-17"
"793","nevada","medicare",2,3806,"18-29"
"794","nevada","medicare",3,5116,"30-39"
"795","nevada","medicare",4,9215,"40-49"
"796","nevada","medicare",5,42331,"50-64"
"797","nevada","medicare",6,266830,"65-74"
"798","nevada","medicare",7,169603,"75+"
"799","nevada","private",1,384530,"0-17"
"800","nevada","private",2,297541,"18-29"
"801","nevada","private",3,274797,"30-39"
"802","nevada","private",4,274511,"40-49"
"803","nevada","private",5,389622,"50-64"
"804","nevada","private",6,13798,"65-74"
"805","nevada","private",7,2517,"75+"
"806","nevada","uninsured",1,47899,"0-17"
"807","nevada","uninsured",2,88385,"18-29"
"808","nevada","uninsured",3,75101,"30-39"
"809","nevada","uninsured",4,65311,"40-49"
"810","nevada","uninsured",5,58765,"50-64"
"811","nevada","uninsured",6,4618,"65-74"
"812","nevada","uninsured",7,1536,"75+"
"813","new hampshire","medicaid",1,79481,"0-17"
"814","new hampshire","medicaid",2,26119,"18-29"
"815","new hampshire","medicaid",3,19259,"30-39"
"816","new hampshire","medicaid",4,11441,"40-49"
"817","new hampshire","medicaid",5,19914,"50-64"
"818","new hampshire","medicaid",6,,"65-74"
"819","new hampshire","medicaid",7,,"75+"
"820","new hampshire","medicare",1,1566,"0-17"
"821","new hampshire","medicare",2,2478,"18-29"
"822","new hampshire","medicare",3,3735,"30-39"
"823","new hampshire","medicare",4,6488,"40-49"
"824","new hampshire","medicare",5,23459,"50-64"
"825","new hampshire","medicare",6,134581,"65-74"
"826","new hampshire","medicare",7,93823,"75+"
"827","new hampshire","private",1,171215,"0-17"
"828","new hampshire","private",2,157764,"18-29"
"829","new hampshire","private",3,120241,"30-39"
"830","new hampshire","private",4,136126,"40-49"
"831","new hampshire","private",5,247715,"50-64"
"832","new hampshire","private",6,6657,"65-74"
"833","new hampshire","private",7,484,"75+"
"834","new hampshire","uninsured",1,6244,"0-17"
"835","new hampshire","uninsured",2,22821,"18-29"
"836","new hampshire","uninsured",3,16255,"30-39"
"837","new hampshire","uninsured",4,12414,"40-49"
"838","new hampshire","uninsured",5,20274,"50-64"
"839","new hampshire","uninsured",6,200,"65-74"
"840","new hampshire","uninsured",7,94,"75+"
"841","new jersey","medicaid",1,622106,"0-17"
"842","new jersey","medicaid",2,212964,"18-29"
"843","new jersey","medicaid",3,149835,"30-39"
"844","new jersey","medicaid",4,124257,"40-49"
"845","new jersey","medicaid",5,172199,"50-64"
"846","new jersey","medicaid",6,,"65-74"
"847","new jersey","medicaid",7,,"75+"
"848","new jersey","medicare",1,9455,"0-17"
"849","new jersey","medicare",2,12092,"18-29"
"850","new jersey","medicare",3,16492,"30-39"
"851","new jersey","medicare",4,26475,"40-49"
"852","new jersey","medicare",5,123869,"50-64"
"853","new jersey","medicare",6,738225,"65-74"
"854","new jersey","medicare",7,600322,"75+"
"855","new jersey","private",1,1270719,"0-17"
"856","new jersey","private",2,954537,"18-29"
"857","new jersey","private",3,836069,"30-39"
"858","new jersey","private",4,899923,"40-49"
"859","new jersey","private",5,1429059,"50-64"
"860","new jersey","private",6,49245,"65-74"
"861","new jersey","private",7,6388,"75+"
"862","new jersey","uninsured",1,67275,"0-17"
"863","new jersey","uninsured",2,181567,"18-29"
"864","new jersey","uninsured",3,167733,"30-39"
"865","new jersey","uninsured",4,128255,"40-49"
"866","new jersey","uninsured",5,131525,"50-64"
"867","new jersey","uninsured",6,11048,"65-74"
"868","new jersey","uninsured",7,4903,"75+"
"869","new mexico","medicaid",1,273686,"0-17"
"870","new mexico","medicaid",2,120609,"18-29"
"871","new mexico","medicaid",3,76829,"30-39"
"872","new mexico","medicaid",4,52424,"40-49"
"873","new mexico","medicaid",5,72692,"50-64"
"874","new mexico","medicaid",6,,"65-74"
"875","new mexico","medicaid",7,,"75+"
"876","new mexico","medicare",1,3715,"0-17"
"877","new mexico","medicare",2,4904,"18-29"
"878","new mexico","medicare",3,6870,"30-39"
"879","new mexico","medicare",4,8303,"40-49"
"880","new mexico","medicare",5,39976,"50-64"
"881","new mexico","medicare",6,201490,"65-74"
"882","new mexico","medicare",7,137381,"75+"
"883","new mexico","private",1,182439,"0-17"
"884","new mexico","private",2,163661,"18-29"
"885","new mexico","private",3,141506,"30-39"
"886","new mexico","private",4,140610,"40-49"
"887","new mexico","private",5,245300,"50-64"
"888","new mexico","private",6,8620,"65-74"
"889","new mexico","private",7,1910,"75+"
"890","new mexico","uninsured",1,24456,"0-17"
"891","new mexico","uninsured",2,53152,"18-29"
"892","new mexico","uninsured",3,43873,"30-39"
"893","new mexico","uninsured",4,37062,"40-49"
"894","new mexico","uninsured",5,35833,"50-64"
"895","new mexico","uninsured",6,2360,"65-74"
"896","new mexico","uninsured",7,762,"75+"
"897","new york","medicaid",1,1724506,"0-17"
"898","new york","medicaid",2,842327,"18-29"
"899","new york","medicaid",3,585208,"30-39"
"900","new york","medicaid",4,490541,"40-49"
"901","new york","medicaid",5,684997,"50-64"
"902","new york","medicaid",6,,"65-74"
"903","new york","medicaid",7,,"75+"
"904","new york","medicare",1,23360,"0-17"
"905","new york","medicare",2,32539,"18-29"
"906","new york","medicare",3,44110,"30-39"
"907","new york","medicare",4,73101,"40-49"
"908","new york","medicare",5,301610,"50-64"
"909","new york","medicare",6,1649115,"65-74"
"910","new york","medicare",7,1343966,"75+"
"911","new york","private",1,2275788,"0-17"
"912","new york","private",2,2175572,"18-29"
"913","new york","private",3,1759898,"30-39"
"914","new york","private",4,1689619,"40-49"
"915","new york","private",5,2731153,"50-64"
"916","new york","private",6,102530,"65-74"
"917","new york","private",7,14071,"75+"
"918","new york","uninsured",1,102375,"0-17"
"919","new york","uninsured",2,306834,"18-29"
"920","new york","uninsured",3,286338,"30-39"
"921","new york","uninsured",4,211054,"40-49"
"922","new york","uninsured",5,211287,"50-64"
"923","new york","uninsured",6,18888,"65-74"
"924","new york","uninsured",7,5940,"75+"
"925","north carolina","medicaid",1,980249,"0-17"
"926","north carolina","medicaid",2,228903,"18-29"
"927","north carolina","medicaid",3,134451,"30-39"
"928","north carolina","medicaid",4,92988,"40-49"
"929","north carolina","medicaid",5,128516,"50-64"
"930","north carolina","medicaid",6,,"65-74"
"931","north carolina","medicaid",7,,"75+"
"932","north carolina","medicare",1,10178,"0-17"
"933","north carolina","medicare",2,14353,"18-29"
"934","north carolina","medicare",3,25703,"30-39"
"935","north carolina","medicare",4,46210,"40-49"
"936","north carolina","medicare",5,205526,"50-64"
"937","north carolina","medicare",6,942652,"65-74"
"938","north carolina","medicare",7,640498,"75+"
"939","north carolina","private",1,1200327,"0-17"
"940","north carolina","private",2,1133202,"18-29"
"941","north carolina","private",3,886621,"30-39"
"942","north carolina","private",4,992595,"40-49"
"943","north carolina","private",5,1431866,"50-64"
"944","north carolina","private",6,31134,"65-74"
"945","north carolina","private",7,3294,"75+"
"946","north carolina","uninsured",1,105226,"0-17"
"947","north carolina","uninsured",2,293864,"18-29"
"948","north carolina","uninsured",3,254102,"30-39"
"949","north carolina","uninsured",4,217050,"40-49"
"950","north carolina","uninsured",5,219328,"50-64"
"951","north carolina","uninsured",6,7185,"65-74"
"952","north carolina","uninsured",7,1784,"75+"
"953","north dakota","medicaid",1,36251,"0-17"
"954","north dakota","medicaid",2,9932,"18-29"
"955","north dakota","medicaid",3,7824,"30-39"
"956","north dakota","medicaid",4,5337,"40-49"
"957","north dakota","medicaid",5,7775,"50-64"
"958","north dakota","medicaid",6,,"65-74"
"959","north dakota","medicaid",7,,"75+"
"960","north dakota","medicare",1,1562,"0-17"
"961","north dakota","medicare",2,1136,"18-29"
"962","north dakota","medicare",3,1322,"30-39"
"963","north dakota","medicare",4,2673,"40-49"
"964","north dakota","medicare",5,9014,"50-64"
"965","north dakota","medicare",6,57876,"65-74"
"966","north dakota","medicare",7,51036,"75+"
"967","north dakota","private",1,121413,"0-17"
"968","north dakota","private",2,118107,"18-29"
"969","north dakota","private",3,80314,"30-39"
"970","north dakota","private",4,66931,"40-49"
"971","north dakota","private",5,115318,"50-64"
"972","north dakota","private",6,2873,"65-74"
"973","north dakota","private",7,435,"75+"
"974","north dakota","uninsured",1,13279,"0-17"
"975","north dakota","uninsured",2,18146,"18-29"
"976","north dakota","uninsured",3,10988,"30-39"
"977","north dakota","uninsured",4,7518,"40-49"
"978","north dakota","uninsured",5,8589,"50-64"
"979","north dakota","uninsured",6,385,"65-74"
"980","north dakota","uninsured",7,33,"75+"
"981","ohio","medicaid",1,976828,"0-17"
"982","ohio","medicaid",2,391862,"18-29"
"983","ohio","medicaid",3,289999,"30-39"
"984","ohio","medicaid",4,203452,"40-49"
"985","ohio","medicaid",5,269716,"50-64"
"986","ohio","medicaid",6,,"65-74"
"987","ohio","medicaid",7,,"75+"
"988","ohio","medicare",1,15926,"0-17"
"989","ohio","medicare",2,21557,"18-29"
"990","ohio","medicare",3,28418,"30-39"
"991","ohio","medicare",4,50550,"40-49"
"992","ohio","medicare",5,210218,"50-64"
"993","ohio","medicare",6,1061769,"65-74"
"994","ohio","medicare",7,811065,"75+"
"995","ohio","private",1,1498357,"0-17"
"996","ohio","private",2,1243766,"18-29"
"997","ohio","private",3,970718,"30-39"
"998","ohio","private",4,1041604,"40-49"
"999","ohio","private",5,1750250,"50-64"
"1000","ohio","private",6,46048,"65-74"
"1001","ohio","private",7,8520,"75+"
"1002","ohio","uninsured",1,105192,"0-17"
"1003","ohio","uninsured",2,206722,"18-29"
"1004","ohio","uninsured",3,151042,"30-39"
"1005","ohio","uninsured",4,114192,"40-49"
"1006","ohio","uninsured",5,144550,"50-64"
"1007","ohio","uninsured",6,6239,"65-74"
"1008","ohio","uninsured",7,2938,"75+"
"1009","oklahoma","medicaid",1,414610,"0-17"
"1010","oklahoma","medicaid",2,67384,"18-29"
"1011","oklahoma","medicaid",3,47894,"30-39"
"1012","oklahoma","medicaid",4,27721,"40-49"
"1013","oklahoma","medicaid",5,40386,"50-64"
"1014","oklahoma","medicaid",6,,"65-74"
"1015","oklahoma","medicaid",7,,"75+"
"1016","oklahoma","medicare",1,16196,"0-17"
"1017","oklahoma","medicare",2,8872,"18-29"
"1018","oklahoma","medicare",3,12846,"30-39"
"1019","oklahoma","medicare",4,19279,"40-49"
"1020","oklahoma","medicare",5,76238,"50-64"
"1021","oklahoma","medicare",6,333303,"65-74"
"1022","oklahoma","medicare",7,248581,"75+"
"1023","oklahoma","private",1,458568,"0-17"
"1024","oklahoma","private",2,423509,"18-29"
"1025","oklahoma","private",3,335358,"30-39"
"1026","oklahoma","private",4,316131,"40-49"
"1027","oklahoma","private",5,494649,"50-64"
"1028","oklahoma","private",6,12125,"65-74"
"1029","oklahoma","private",7,1690,"75+"
"1030","oklahoma","uninsured",1,69373,"0-17"
"1031","oklahoma","uninsured",2,155495,"18-29"
"1032","oklahoma","uninsured",3,126594,"30-39"
"1033","oklahoma","uninsured",4,92950,"40-49"
"1034","oklahoma","uninsured",5,109821,"50-64"
"1035","oklahoma","uninsured",6,3332,"65-74"
"1036","oklahoma","uninsured",7,1160,"75+"
"1037","oregon","medicaid",1,354366,"0-17"
"1038","oregon","medicaid",2,153514,"18-29"
"1039","oregon","medicaid",3,113239,"30-39"
"1040","oregon","medicaid",4,78275,"40-49"
"1041","oregon","medicaid",5,113414,"50-64"
"1042","oregon","medicaid",6,,"65-74"
"1043","oregon","medicaid",7,,"75+"
"1044","oregon","medicare",1,3146,"0-17"
"1045","oregon","medicare",2,6499,"18-29"
"1046","oregon","medicare",3,9013,"30-39"
"1047","oregon","medicare",4,13616,"40-49"
"1048","oregon","medicare",5,66606,"50-64"
"1049","oregon","medicare",6,413373,"65-74"
"1050","oregon","medicare",7,275930,"75+"
"1051","oregon","private",1,482679,"0-17"
"1052","oregon","private",2,421686,"18-29"
"1053","oregon","private",3,382608,"30-39"
"1054","oregon","private",4,375527,"40-49"
"1055","oregon","private",5,556260,"50-64"
"1056","oregon","private",6,15368,"65-74"
"1057","oregon","private",7,2498,"75+"
"1058","oregon","uninsured",1,29585,"0-17"
"1059","oregon","uninsured",2,77199,"18-29"
"1060","oregon","uninsured",3,66482,"30-39"
"1061","oregon","uninsured",4,54780,"40-49"
"1062","oregon","uninsured",5,55956,"50-64"
"1063","oregon","uninsured",6,2818,"65-74"
"1064","oregon","uninsured",7,1322,"75+"
"1065","pennsylvania","medicaid",1,989159,"0-17"
"1066","pennsylvania","medicaid",2,377651,"18-29"
"1067","pennsylvania","medicaid",3,264806,"30-39"
"1068","pennsylvania","medicaid",4,196355,"40-49"
"1069","pennsylvania","medicaid",5,282034,"50-64"
"1070","pennsylvania","medicaid",6,,"65-74"
"1071","pennsylvania","medicaid",7,,"75+"
"1072","pennsylvania","medicare",1,15013,"0-17"
"1073","pennsylvania","medicare",2,20249,"18-29"
"1074","pennsylvania","medicare",3,33579,"30-39"
"1075","pennsylvania","medicare",4,58801,"40-49"
"1076","pennsylvania","medicare",5,230588,"50-64"
"1077","pennsylvania","medicare",6,1217150,"65-74"
"1078","pennsylvania","medicare",7,988051,"75+"
"1079","pennsylvania","private",1,1532108,"0-17"
"1080","pennsylvania","private",2,1431931,"18-29"
"1081","pennsylvania","private",3,1119864,"30-39"
"1082","pennsylvania","private",4,1169496,"40-49"
"1083","pennsylvania","private",5,2016792,"50-64"
"1084","pennsylvania","private",6,52034,"65-74"
"1085","pennsylvania","private",7,7594,"75+"
"1086","pennsylvania","uninsured",1,118748,"0-17"
"1087","pennsylvania","uninsured",2,210727,"18-29"
"1088","pennsylvania","uninsured",3,163243,"30-39"
"1089","pennsylvania","uninsured",4,122059,"40-49"
"1090","pennsylvania","uninsured",5,146459,"50-64"
"1091","pennsylvania","uninsured",6,8147,"65-74"
"1092","pennsylvania","uninsured",7,2781,"75+"
"1093","rhode island","medicaid",1,78477,"0-17"
"1094","rhode island","medicaid",2,37425,"18-29"
"1095","rhode island","medicaid",3,26977,"30-39"
"1096","rhode island","medicaid",4,21424,"40-49"
"1097","rhode island","medicaid",5,31550,"50-64"
"1098","rhode island","medicaid",6,,"65-74"
"1099","rhode island","medicaid",7,,"75+"
"1100","rhode island","medicare",1,1473,"0-17"
"1101","rhode island","medicare",2,2063,"18-29"
"1102","rhode island","medicare",3,3054,"30-39"
"1103","rhode island","medicare",4,4775,"40-49"
"1104","rhode island","medicare",5,20386,"50-64"
"1105","rhode island","medicare",6,94470,"65-74"
"1106","rhode island","medicare",7,76354,"75+"
"1107","rhode island","private",1,122252,"0-17"
"1108","rhode island","private",2,135138,"18-29"
"1109","rhode island","private",3,91478,"30-39"
"1110","rhode island","private",4,93822,"40-49"
"1111","rhode island","private",5,163359,"50-64"
"1112","rhode island","private",6,5322,"65-74"
"1113","rhode island","private",7,548,"75+"
"1114","rhode island","uninsured",1,4023,"0-17"
"1115","rhode island","uninsured",2,15523,"18-29"
"1116","rhode island","uninsured",3,10749,"30-39"
"1117","rhode island","uninsured",4,7165,"40-49"
"1118","rhode island","uninsured",5,7461,"50-64"
"1119","rhode island","uninsured",6,466,"65-74"
"1120","rhode island","uninsured",7,58,"75+"
"1121","south carolina","medicaid",1,488896,"0-17"
"1122","south carolina","medicaid",2,115989,"18-29"
"1123","south carolina","medicaid",3,74355,"30-39"
"1124","south carolina","medicaid",4,49671,"40-49"
"1125","south carolina","medicaid",5,72938,"50-64"
"1126","south carolina","medicaid",6,,"65-74"
"1127","south carolina","medicaid",7,,"75+"
"1128","south carolina","medicare",1,5561,"0-17"
"1129","south carolina","medicare",2,7106,"18-29"
"1130","south carolina","medicare",3,11458,"30-39"
"1131","south carolina","medicare",4,24914,"40-49"
"1132","south carolina","medicare",5,111717,"50-64"
"1133","south carolina","medicare",6,516986,"65-74"
"1134","south carolina","medicare",7,326665,"75+"
"1135","south carolina","private",1,557314,"0-17"
"1136","south carolina","private",2,539487,"18-29"
"1137","south carolina","private",3,416945,"30-39"
"1138","south carolina","private",4,439493,"40-49"
"1139","south carolina","private",5,681299,"50-64"
"1140","south carolina","private",6,15149,"65-74"
"1141","south carolina","private",7,2523,"75+"
"1142","south carolina","uninsured",1,49787,"0-17"
"1143","south carolina","uninsured",2,152634,"18-29"
"1144","south carolina","uninsured",3,119144,"30-39"
"1145","south carolina","uninsured",4,102056,"40-49"
"1146","south carolina","uninsured",5,116993,"50-64"
"1147","south carolina","uninsured",6,2652,"65-74"
"1148","south carolina","uninsured",7,628,"75+"
"1149","south dakota","medicaid",1,65749,"0-17"
"1150","south dakota","medicaid",2,13198,"18-29"
"1151","south dakota","medicaid",3,8515,"30-39"
"1152","south dakota","medicaid",4,5423,"40-49"
"1153","south dakota","medicaid",5,6786,"50-64"
"1154","south dakota","medicaid",6,,"65-74"
"1155","south dakota","medicaid",7,,"75+"
"1156","south dakota","medicare",1,824,"0-17"
"1157","south dakota","medicare",2,1063,"18-29"
"1158","south dakota","medicare",3,1235,"30-39"
"1159","south dakota","medicare",4,2538,"40-49"
"1160","south dakota","medicare",5,12322,"50-64"
"1161","south dakota","medicare",6,77490,"65-74"
"1162","south dakota","medicare",7,60237,"75+"
"1163","south dakota","private",1,135856,"0-17"
"1164","south dakota","private",2,104762,"18-29"
"1165","south dakota","private",3,83402,"30-39"
"1166","south dakota","private",4,73887,"40-49"
"1167","south dakota","private",5,132709,"50-64"
"1168","south dakota","private",6,3224,"65-74"
"1169","south dakota","private",7,314,"75+"
"1170","south dakota","uninsured",1,11067,"0-17"
"1171","south dakota","uninsured",2,24926,"18-29"
"1172","south dakota","uninsured",3,16346,"30-39"
"1173","south dakota","uninsured",4,11728,"40-49"
"1174","south dakota","uninsured",5,14816,"50-64"
"1175","south dakota","uninsured",6,373,"65-74"
"1176","south dakota","uninsured",7,21,"75+"
"1177","tennessee","medicaid",1,642219,"0-17"
"1178","tennessee","medicaid",2,185156,"18-29"
"1179","tennessee","medicaid",3,128330,"30-39"
"1180","tennessee","medicaid",4,86413,"40-49"
"1181","tennessee","medicaid",5,114538,"50-64"
"1182","tennessee","medicaid",6,,"65-74"
"1183","tennessee","medicaid",7,,"75+"
"1184","tennessee","medicare",1,9380,"0-17"
"1185","tennessee","medicare",2,11280,"18-29"
"1186","tennessee","medicare",3,18189,"30-39"
"1187","tennessee","medicare",4,36287,"40-49"
"1188","tennessee","medicare",5,144255,"50-64"
"1189","tennessee","medicare",6,617526,"65-74"
"1190","tennessee","medicare",7,426686,"75+"
"1191","tennessee","private",1,791589,"0-17"
"1192","tennessee","private",2,713485,"18-29"
"1193","tennessee","private",3,560388,"30-39"
"1194","tennessee","private",4,598605,"40-49"
"1195","tennessee","private",5,913688,"50-64"
"1196","tennessee","private",6,21270,"65-74"
"1197","tennessee","private",7,3013,"75+"
"1198","tennessee","uninsured",1,61987,"0-17"
"1199","tennessee","uninsured",2,175683,"18-29"
"1200","tennessee","uninsured",3,153450,"30-39"
"1201","tennessee","uninsured",4,127393,"40-49"
"1202","tennessee","uninsured",5,141625,"50-64"
"1203","tennessee","uninsured",6,3535,"65-74"
"1204","tennessee","uninsured",7,873,"75+"
"1205","texas","medicaid",1,2924367,"0-17"
"1206","texas","medicaid",2,424812,"18-29"
"1207","texas","medicaid",3,260077,"30-39"
"1208","texas","medicaid",4,190243,"40-49"
"1209","texas","medicaid",5,286883,"50-64"
"1210","texas","medicaid",6,,"65-74"
"1211","texas","medicaid",7,,"75+"
"1212","texas","medicare",1,38496,"0-17"
"1213","texas","medicare",2,35544,"18-29"
"1214","texas","medicare",3,56560,"30-39"
"1215","texas","medicare",4,82992,"40-49"
"1216","texas","medicare",5,350446,"50-64"
"1217","texas","medicare",6,1934078,"65-74"
"1218","texas","medicare",7,1341682,"75+"
"1219","texas","private",1,3647666,"0-17"
"1220","texas","private",2,3001107,"18-29"
"1221","texas","private",3,2574886,"30-39"
"1222","texas","private",4,2508050,"40-49"
"1223","texas","private",5,3391879,"50-64"
"1224","texas","private",6,107167,"65-74"
"1225","texas","private",7,17149,"75+"
"1226","texas","uninsured",1,734996,"0-17"
"1227","texas","uninsured",2,1407404,"18-29"
"1228","texas","uninsured",3,1103258,"30-39"
"1229","texas","uninsured",4,874439,"40-49"
"1230","texas","uninsured",5,833944,"50-64"
"1231","texas","uninsured",6,47536,"65-74"
"1232","texas","uninsured",7,17675,"75+"
"1233","united states","medicaid",1,28795167,"0-17"
"1234","united states","medicaid",2,9405416,"18-29"
"1235","united states","medicaid",3,6441008,"30-39"
"1236","united states","medicaid",4,4848183,"40-49"
"1237","united states","medicaid",5,6773255,"50-64"
"1238","united states","medicaid",6,,"65-74"
"1239","united states","medicaid",7,,"75+"
"1240","united states","medicare",1,458775,"0-17"
"1241","united states","medicare",2,522156,"18-29"
"1242","united states","medicare",3,737143,"30-39"
"1243","united states","medicare",4,1217858,"40-49"
"1244","united states","medicare",5,5231764,"50-64"
"1245","united states","medicare",6,27959451,"65-74"
"1246","united states","medicare",7,20791706,"75+"
"1247","united states","private",1,40712059,"0-17"
"1248","united states","private",2,35752427,"18-29"
"1249","united states","private",3,29231773,"30-39"
"1250","united states","private",4,29391544,"40-49"
"1251","united states","private",5,45238018,"50-64"
"1252","united states","private",6,1381612,"65-74"
"1253","united states","private",7,230105,"75+"
"1254","united states","uninsured",1,3470400,"0-17"
"1255","united states","uninsured",2,8017535,"18-29"
"1256","united states","uninsured",3,6604928,"30-39"
"1257","united states","uninsured",4,5216220,"40-49"
"1258","united states","uninsured",5,5590879,"50-64"
"1259","united states","uninsured",6,303305,"65-74"
"1260","united states","uninsured",7,110673,"75+"
"1261","utah","medicaid",1,179402,"0-17"
"1262","utah","medicaid",2,36376,"18-29"
"1263","utah","medicaid",3,32867,"30-39"
"1264","utah","medicaid",4,19670,"40-49"
"1265","utah","medicaid",5,21792,"50-64"
"1266","utah","medicaid",6,,"65-74"
"1267","utah","medicaid",7,,"75+"
"1268","utah","medicare",1,2918,"0-17"
"1269","utah","medicare",2,4056,"18-29"
"1270","utah","medicare",3,5763,"30-39"
"1271","utah","medicare",4,7789,"40-49"
"1272","utah","medicare",5,26766,"50-64"
"1273","utah","medicare",6,188042,"65-74"
"1274","utah","medicare",7,131902,"75+"
"1275","utah","private",1,685035,"0-17"
"1276","utah","private",2,470092,"18-29"
"1277","utah","private",3,347243,"30-39"
"1278","utah","private",4,289664,"40-49"
"1279","utah","private",5,355611,"50-64"
"1280","utah","private",6,10156,"65-74"
"1281","utah","private",7,1319,"75+"
"1282","utah","uninsured",1,58175,"0-17"
"1283","utah","uninsured",2,74256,"18-29"
"1284","utah","uninsured",3,60293,"30-39"
"1285","utah","uninsured",4,48318,"40-49"
"1286","utah","uninsured",5,39941,"50-64"
"1287","utah","uninsured",6,1418,"65-74"
"1288","utah","uninsured",7,770,"75+"
"1289","vermont","medicaid",1,54885,"0-17"
"1290","vermont","medicaid",2,24117,"18-29"
"1291","vermont","medicaid",3,19218,"30-39"
"1292","vermont","medicaid",4,12355,"40-49"
"1293","vermont","medicaid",5,21018,"50-64"
"1294","vermont","medicaid",6,,"65-74"
"1295","vermont","medicaid",7,,"75+"
"1296","vermont","medicare",1,669,"0-17"
"1297","vermont","medicare",2,1534,"18-29"
"1298","vermont","medicare",3,1680,"30-39"
"1299","vermont","medicare",4,3167,"40-49"
"1300","vermont","medicare",5,11637,"50-64"
"1301","vermont","medicare",6,67522,"65-74"
"1302","vermont","medicare",7,46424,"75+"
"1303","vermont","private",1,58810,"0-17"
"1304","vermont","private",2,71899,"18-29"
"1305","vermont","private",3,46196,"30-39"
"1306","vermont","private",4,53780,"40-49"
"1307","vermont","private",5,100308,"50-64"
"1308","vermont","private",6,3362,"65-74"
"1309","vermont","private",7,259,"75+"
"1310","vermont","uninsured",1,1904,"0-17"
"1311","vermont","uninsured",2,6286,"18-29"
"1312","vermont","uninsured",3,4938,"30-39"
"1313","vermont","uninsured",4,4067,"40-49"
"1314","vermont","uninsured",5,6660,"50-64"
"1315","vermont","uninsured",6,553,"65-74"
"1316","vermont","uninsured",7,80,"75+"
"1317","virginia","medicaid",1,506178,"0-17"
"1318","virginia","medicaid",2,109802,"18-29"
"1319","virginia","medicaid",3,82057,"30-39"
"1320","virginia","medicaid",4,54068,"40-49"
"1321","virginia","medicaid",5,74844,"50-64"
"1322","virginia","medicaid",6,,"65-74"
"1323","virginia","medicaid",7,,"75+"
"1324","virginia","medicare",1,14775,"0-17"
"1325","virginia","medicare",2,10823,"18-29"
"1326","virginia","medicare",3,17753,"30-39"
"1327","virginia","medicare",4,30761,"40-49"
"1328","virginia","medicare",5,124214,"50-64"
"1329","virginia","medicare",6,711966,"65-74"
"1330","virginia","medicare",7,502337,"75+"
"1331","virginia","private",1,1256692,"0-17"
"1332","virginia","private",2,1077888,"18-29"
"1333","virginia","private",3,875857,"30-39"
"1334","virginia","private",4,873041,"40-49"
"1335","virginia","private",5,1304635,"50-64"
"1336","virginia","private",6,40343,"65-74"
"1337","virginia","private",7,6470,"75+"
"1338","virginia","uninsured",1,85744,"0-17"
"1339","virginia","uninsured",2,202714,"18-29"
"1340","virginia","uninsured",3,169784,"30-39"
"1341","virginia","uninsured",4,133984,"40-49"
"1342","virginia","uninsured",5,151291,"50-64"
"1343","virginia","uninsured",6,9282,"65-74"
"1344","virginia","uninsured",7,3561,"75+"
"1345","washington","medicaid",1,650998,"0-17"
"1346","washington","medicaid",2,248675,"18-29"
"1347","washington","medicaid",3,173078,"30-39"
"1348","washington","medicaid",4,114330,"40-49"
"1349","washington","medicaid",5,162927,"50-64"
"1350","washington","medicaid",6,,"65-74"
"1351","washington","medicaid",7,,"75+"
"1352","washington","medicare",1,7233,"0-17"
"1353","washington","medicare",2,10218,"18-29"
"1354","washington","medicare",3,17076,"30-39"
"1355","washington","medicare",4,24135,"40-49"
"1356","washington","medicare",5,103388,"50-64"
"1357","washington","medicare",6,644143,"65-74"
"1358","washington","medicare",7,430982,"75+"
"1359","washington","private",1,943732,"0-17"
"1360","washington","private",2,834628,"18-29"
"1361","washington","private",3,763204,"30-39"
"1362","washington","private",4,704620,"40-49"
"1363","washington","private",5,1056710,"50-64"
"1364","washington","private",6,32620,"65-74"
"1365","washington","private",7,4255,"75+"
"1366","washington","uninsured",1,41069,"0-17"
"1367","washington","uninsured",2,126974,"18-29"
"1368","washington","uninsured",3,114219,"30-39"
"1369","washington","uninsured",4,83641,"40-49"
"1370","washington","uninsured",5,90217,"50-64"
"1371","washington","uninsured",6,4656,"65-74"
"1372","washington","uninsured",7,2131,"75+"
"1373","west virginia","medicaid",1,183355,"0-17"
"1374","west virginia","medicaid",2,74186,"18-29"
"1375","west virginia","medicaid",3,56960,"30-39"
"1376","west virginia","medicaid",4,48034,"40-49"
"1377","west virginia","medicaid",5,60617,"50-64"
"1378","west virginia","medicaid",6,,"65-74"
"1379","west virginia","medicaid",7,,"75+"
"1380","west virginia","medicare",1,2523,"0-17"
"1381","west virginia","medicare",2,4067,"18-29"
"1382","west virginia","medicare",3,5068,"30-39"
"1383","west virginia","medicare",4,13023,"40-49"
"1384","west virginia","medicare",5,59602,"50-64"
"1385","west virginia","medicare",6,201673,"65-74"
"1386","west virginia","medicare",7,141520,"75+"
"1387","west virginia","private",1,176765,"0-17"
"1388","west virginia","private",2,159475,"18-29"
"1389","west virginia","private",3,124005,"30-39"
"1390","west virginia","private",4,147393,"40-49"
"1391","west virginia","private",5,232206,"50-64"
"1392","west virginia","private",6,5704,"65-74"
"1393","west virginia","private",7,823,"75+"
"1394","west virginia","uninsured",1,8151,"0-17"
"1395","west virginia","uninsured",2,31056,"18-29"
"1396","west virginia","uninsured",3,23411,"30-39"
"1397","west virginia","uninsured",4,20513,"40-49"
"1398","west virginia","uninsured",5,26302,"50-64"
"1399","west virginia","uninsured",6,1188,"65-74"
"1400","west virginia","uninsured",7,200,"75+"
"1401","wisconsin","medicaid",1,402588,"0-17"
"1402","wisconsin","medicaid",2,132746,"18-29"
"1403","wisconsin","medicaid",3,101706,"30-39"
"1404","wisconsin","medicaid",4,68294,"40-49"
"1405","wisconsin","medicaid",5,104946,"50-64"
"1406","wisconsin","medicaid",6,,"65-74"
"1407","wisconsin","medicaid",7,,"75+"
"1408","wisconsin","medicare",1,9104,"0-17"
"1409","wisconsin","medicare",2,9746,"18-29"
"1410","wisconsin","medicare",3,11899,"30-39"
"1411","wisconsin","medicare",4,20177,"40-49"
"1412","wisconsin","medicare",5,86233,"50-64"
"1413","wisconsin","medicare",6,531419,"65-74"
"1414","wisconsin","medicare",7,400680,"75+"
"1415","wisconsin","private",1,818782,"0-17"
"1416","wisconsin","private",2,682071,"18-29"
"1417","wisconsin","private",3,550311,"30-39"
"1418","wisconsin","private",4,551620,"40-49"
"1419","wisconsin","private",5,957320,"50-64"
"1420","wisconsin","private",6,17129,"65-74"
"1421","wisconsin","private",7,2324,"75+"
"1422","wisconsin","uninsured",1,46744,"0-17"
"1423","wisconsin","uninsured",2,88702,"18-29"
"1424","wisconsin","uninsured",3,67887,"30-39"
"1425","wisconsin","uninsured",4,53161,"40-49"
"1426","wisconsin","uninsured",5,61280,"50-64"
"1427","wisconsin","uninsured",6,1939,"65-74"
"1428","wisconsin","uninsured",7,1073,"75+"
"1429","wyoming","medicaid",1,32929,"0-17"
"1430","wyoming","medicaid",2,7883,"18-29"
"1431","wyoming","medicaid",3,5466,"30-39"
"1432","wyoming","medicaid",4,3350,"40-49"
"1433","wyoming","medicaid",5,5637,"50-64"
"1434","wyoming","medicaid",6,,"65-74"
"1435","wyoming","medicaid",7,,"75+"
"1436","wyoming","medicare",1,377,"0-17"
"1437","wyoming","medicare",2,576,"18-29"
"1438","wyoming","medicare",3,1047,"30-39"
"1439","wyoming","medicare",4,1825,"40-49"
"1440","wyoming","medicare",5,7399,"50-64"
"1441","wyoming","medicare",6,53841,"65-74"
"1442","wyoming","medicare",7,35159,"75+"
"1443","wyoming","private",1,91576,"0-17"
"1444","wyoming","private",2,66313,"18-29"
"1445","wyoming","private",3,56711,"30-39"
"1446","wyoming","private",4,51473,"40-49"
"1447","wyoming","private",5,87742,"50-64"
"1448","wyoming","private",6,2107,"65-74"
"1449","wyoming","private",7,386,"75+"
"1450","wyoming","uninsured",1,11664,"0-17"
"1451","wyoming","uninsured",2,17741,"18-29"
"1452","wyoming","uninsured",3,13240,"30-39"
"1453","wyoming","uninsured",4,9497,"40-49"
"1454","wyoming","uninsured",5,14117,"50-64"
"1455","wyoming","uninsured",6,219,"65-74"
"1456","wyoming","uninsured",7,77,"75+"
